Eixample, https://www.idealista.com/venta-viviendas/barcelona/eixample/mapa
Ciutat Vella, https://www.idealista.com/venta-viviendas/barcelona/ciutat-vella/mapa
Sarrià-Sant Gervasi, https://www.idealista.com/venta-viviendas/barcelona/sarria-sant-gervasi/mapa
Sant Martí, https://www.idealista.com/venta-viviendas/barcelona/sant-marti/mapa
Sants-Montjuïc, https://www.idealista.com/venta-viviendas/barcelona/sants-montjuic/mapa
La Dreta de l'Eixample, Eixample, https://www.idealista.com/venta-viviendas/barcelona/eixample/la-dreta-de-l-eixample/mapa
El Raval, Ciutat Vella, https://www.idealista.com/venta-viviendas/barcelona/ciutat-vella/el-raval/mapa
Horta Guinardó, https://www.idealista.com/venta-viviendas/barcelona/horta-guinardo/mapa
Nou Barris, https://www.idealista.com/venta-viviendas/barcelona/nou-barris/mapa
Gràcia, https://www.idealista.com/venta-viviendas/barcelona/gracia/mapa
Sant Andreu, https://www.idealista.com/venta-viviendas/barcelona/sant-andreu/mapa
Sant Pere - Santa Caterina i la Ribera, Ciutat Vella, https://www.idealista.com/venta-viviendas/barcelona/ciutat-vella/sant-pere-santa-caterina-i-la-ribera/mapa
El Gòtic, Ciutat Vella, https://www.idealista.com/venta-viviendas/barcelona/ciutat-vella/el-gotic/mapa
Sant Gervasi - Galvany, Sarrià-Sant Gervasi, https://www.idealista.com/venta-viviendas/barcelona/sarria-sant-gervasi/sant-gervasi-galvany/mapa
Les Corts, https://www.idealista.com/venta-viviendas/barcelona/les-corts/mapa
L'Antiga Esquerra de l'Eixample, Eixample, https://www.idealista.com/venta-viviendas/barcelona/eixample/l-antiga-esquerra-de-l-eixample/mapa
La Nova Esquerra de l'Eixample, Eixample, https://www.idealista.com/venta-viviendas/barcelona/eixample/la-nova-esquerra-de-l-eixample/mapa
Sant Andreu, https://www.idealista.com/venta-viviendas/barcelona/sant-andreu/sant-andreu/mapa
Vila de Gràcia, Gràcia, https://www.idealista.com/venta-viviendas/barcelona/gracia/vila-de-gracia/mapa
El Poble Sec - Parc de Montjuïc, Sants-Montjuïc, https://www.idealista.com/venta-viviendas/barcelona/sants-montjuic/el-poble-sec-parc-de-montjuic/mapa
La Sagrada Família, Eixample, https://www.idealista.com/venta-viviendas/barcelona/eixample/la-sagrada-familia/mapa
Sant Antoni, Eixample, https://www.idealista.com/venta-viviendas/barcelona/eixample/sant-antoni/mapa
Sant Gervasi - La Bonanova, Sarrià-Sant Gervasi, https://www.idealista.com/venta-viviendas/barcelona/sarria-sant-gervasi/sant-gervasi-la-bonanova/mapa
Pedralbes, Les Corts, https://www.idealista.com/venta-viviendas/barcelona/les-corts/pedralbes/mapa
El Putxet i el Farró, Sarrià-Sant Gervasi, https://www.idealista.com/venta-viviendas/barcelona/sarria-sant-gervasi/el-putxet-i-el-farro/mapa
Diagonal Mar i el Front Marítim del Poblenou, Sant Martí, https://www.idealista.com/venta-viviendas/barcelona/sant-marti/diagonal-mar-i-el-front-maritim-del-poblenou/mapa
El Besòs, Sant Martí, https://www.idealista.com/venta-viviendas/barcelona/sant-marti/el-besos/mapa
La Barceloneta, Ciutat Vella, https://www.idealista.com/venta-viviendas/barcelona/ciutat-vella/la-barceloneta/mapa
El Guinardó, Horta Guinardó, https://www.idealista.com/venta-viviendas/barcelona/horta-guinardo/el-guinardo/mapa
El Poblenou, Sant Martí, https://www.idealista.com/venta-viviendas/barcelona/sant-marti/el-poblenou/mapa
El Camp d'En Grassot i Gràcia Nova, Gràcia, https://www.idealista.com/venta-viviendas/barcelona/gracia/el-camp-d-en-grassot-i-gracia-nova/mapa
Sarrià, Sarrià-Sant Gervasi, https://www.idealista.com/venta-viviendas/barcelona/sarria-sant-gervasi/sarria/mapa
El Carmel, Horta Guinardó, https://www.idealista.com/venta-viviendas/barcelona/horta-guinardo/el-carmel/mapa
Les Corts, https://www.idealista.com/venta-viviendas/barcelona/les-corts/les-corts/mapa
Sants, Sants-Montjuïc, https://www.idealista.com/venta-viviendas/barcelona/sants-montjuic/sants/mapa
La Marina del Port, Sants-Montjuïc, https://www.idealista.com/venta-viviendas/barcelona/sants-montjuic/la-marina-del-port/mapa
El Camp de l'Arpa del Clot, Sant Martí, https://www.idealista.com/venta-viviendas/barcelona/sant-marti/el-camp-de-l-arpa-del-clot/mapa
El Fort Pienc, Eixample, https://www.idealista.com/venta-viviendas/barcelona/eixample/el-fort-pienc/mapa
Ciutat Meridiana - Torre Baró - Vallbona, Nou Barris, https://www.idealista.com/venta-viviendas/barcelona/nou-barris/ciutat-meridiana-torre-baro-vallbona/mapa
Sants - Badal, Sants-Montjuïc, https://www.idealista.com/venta-viviendas/barcelona/sants-montjuic/sants-badal/mapa
La Prosperitat, Nou Barris, https://www.idealista.com/venta-viviendas/barcelona/nou-barris/la-prosperitat/mapa
Les Tres Torres, Sarrià-Sant Gervasi, https://www.idealista.com/venta-viviendas/barcelona/sarria-sant-gervasi/les-tres-torres/mapa
Can Peguera - El Turó de la Peira, Nou Barris, https://www.idealista.com/venta-viviendas/barcelona/nou-barris/can-peguera-el-turo-de-la-peira/mapa
El Clot, Sant Martí, https://www.idealista.com/venta-viviendas/barcelona/sant-marti/el-clot/mapa
Provençals del Poblenou, Sant Martí, https://www.idealista.com/venta-viviendas/barcelona/sant-marti/provencals-del-poblenou/mapa
La Maternitat i Sant Ramon, Les Corts, https://www.idealista.com/venta-viviendas/barcelona/les-corts/la-maternitat-i-sant-ramon/mapa
La Verneda i la Pau, Sant Martí, https://www.idealista.com/venta-viviendas/barcelona/sant-marti/la-verneda-i-la-pau/mapa
Can Baró, Horta Guinardó, https://www.idealista.com/venta-viviendas/barcelona/horta-guinardo/can-baro/mapa
El Baix Guinardó, Horta Guinardó, https://www.idealista.com/venta-viviendas/barcelona/horta-guinardo/el-baix-guinardo/mapa
Les Roquetes, Nou Barris, https://www.idealista.com/venta-viviendas/barcelona/nou-barris/les-roquetes/mapa
El Parc i la Llacuna del Poblenou, Sant Martí, https://www.idealista.com/venta-viviendas/barcelona/sant-marti/el-parc-i-la-llacuna-del-poblenou/mapa
Hostafrancs, Sants-Montjuïc, https://www.idealista.com/venta-viviendas/barcelona/sants-montjuic/hostafrancs/mapa
La Trinitat Vella, Sant Andreu, https://www.idealista.com/venta-viviendas/barcelona/sant-andreu/la-trinitat-vella/mapa
La Salut, Gràcia, https://www.idealista.com/venta-viviendas/barcelona/gracia/la-salut/mapa
Vallcarca i els Penitents, Gràcia, https://www.idealista.com/venta-viviendas/barcelona/gracia/vallcarca-i-els-penitents/mapa
Porta, Nou Barris, https://www.idealista.com/venta-viviendas/barcelona/nou-barris/porta/mapa
La Bordeta, Sants-Montjuïc, https://www.idealista.com/venta-viviendas/barcelona/sants-montjuic/la-bordeta/mapa
Vilapicina i la Torre Llobeta, Nou Barris, https://www.idealista.com/venta-viviendas/barcelona/nou-barris/vilapicina-i-la-torre-llobeta/mapa
Vallvidrera - El Tibidabo i les Planes, Sarrià-Sant Gervasi, https://www.idealista.com/venta-viviendas/barcelona/sarria-sant-gervasi/vallvidrera-el-tibidabo-i-les-planes/mapa
Verdun, Nou Barris, https://www.idealista.com/venta-viviendas/barcelona/nou-barris/verdun/mapa
El Bon Pastor, Sant Andreu, https://www.idealista.com/venta-viviendas/barcelona/sant-andreu/el-bon-pastor/mapa
La Font de la Guatlla, Sants-Montjuïc, https://www.idealista.com/venta-viviendas/barcelona/sants-montjuic/la-font-de-la-guatlla/mapa
Horta, Horta Guinardó, https://www.idealista.com/venta-viviendas/barcelona/horta-guinardo/horta/mapa
La Sagrera, Sant Andreu, https://www.idealista.com/venta-viviendas/barcelona/sant-andreu/la-sagrera/mapa
El Congrés i els Indians, Sant Andreu, https://www.idealista.com/venta-viviendas/barcelona/sant-andreu/el-congres-i-els-indians/mapa
Navas, Sant Andreu, https://www.idealista.com/venta-viviendas/barcelona/sant-andreu/navas/mapa
La Font d'En Fargues, Horta Guinardó, https://www.idealista.com/venta-viviendas/barcelona/horta-guinardo/la-font-d-en-fargues/mapa
Sant Martí de Provençals, Sant Martí, https://www.idealista.com/venta-viviendas/barcelona/sant-marti/sant-marti-de-provencals/mapa
Sant Genís Dels Agudells - Montbau, Horta Guinardó, https://www.idealista.com/venta-viviendas/barcelona/horta-guinardo/sant-genis-dels-agudells-montbau/mapa
La Teixonera, Horta Guinardó, https://www.idealista.com/venta-viviendas/barcelona/horta-guinardo/la-teixonera/mapa
La Vila Olímpica del Poblenou, Sant Martí, https://www.idealista.com/venta-viviendas/barcelona/sant-marti/la-vila-olimpica-del-poblenou/mapa
La Trinitat Nova, Nou Barris, https://www.idealista.com/venta-viviendas/barcelona/nou-barris/la-trinitat-nova/mapa
El Coll, Gràcia, https://www.idealista.com/venta-viviendas/barcelona/gracia/el-coll/mapa
La Marina del Prat Vermell, Sants-Montjuïc, https://www.idealista.com/venta-viviendas/barcelona/sants-montjuic/la-marina-del-prat-vermell/mapa
La Guineueta, Nou Barris, https://www.idealista.com/venta-viviendas/barcelona/nou-barris/la-guineueta/mapa
La Vall d'Hebron - La Clota, Horta Guinardó, https://www.idealista.com/venta-viviendas/barcelona/horta-guinardo/la-vall-d-hebron-la-clota/mapa
Canyelles, Nou Barris, https://www.idealista.com/venta-viviendas/barcelona/nou-barris/canyelles/mapa
Baró de Viver, Sant Andreu, https://www.idealista.com/venta-viviendas/barcelona/sant-andreu/baro-de-viver/mapa
Zona Franca - Port, Sants-Montjuïc, https://www.idealista.com/venta-viviendas/barcelona/sants-montjuic/zona-franca-port/mapa